id,firstName,lastName
1,FirstName1,LastName1
2,FirstName2,LastName2
3,FirstName3,LastName3
4,FirstName4,LastName4
5,FirstName5,LastName5
6,FirstName6,LastName6
7,FirstName7,LastName7
8,FirstName8,LastName8
9,FirstName9,LastName9
10,FirstName10,LastName10
11,FirstName11,LastName11
12,FirstName12,LastName12
13,FirstName13,LastName13
14,FirstName14,LastName14
15,FirstName15,LastName15
16,FirstName16,LastName16
17,FirstName17,LastName17
18,FirstName18,LastName18
19,FirstName19,LastName19
20,FirstName20,LastName20
21,FirstName21,LastName21
22,FirstName22,LastName22
23,FirstName23,LastName23
24,FirstName24,LastName24
25,FirstName25,LastName25
26,FirstName26,LastName26
27,FirstName27,LastName27
28,FirstName28,LastName28
29,FirstName29,LastName29
30,FirstName30,LastName30
31,FirstName31,LastName31
32,FirstName32,LastName32
33,FirstName33,LastName33
34,FirstName34,LastName34
35,FirstName35,LastName35
36,FirstName36,LastName36
37,FirstName37,LastName37
38,FirstName38,LastName38
39,FirstName39,LastName39
40,FirstName40,LastName40
41,FirstName41,LastName41
42,FirstName42,LastName42
43,FirstName43,LastName43
44,FirstName44,LastName44
45,FirstName45,LastName45
46,FirstName46,LastName46
47,FirstName47,LastName47
48,FirstName48,LastName48
49,FirstName49,LastName49
50,FirstName50,LastName50
51,FirstName51,LastName51
52,FirstName52,LastName52
53,FirstName53,LastName53
54,FirstName54,LastName54
55,FirstName55,LastName55
56,FirstName56,LastName56
57,FirstName57,LastName57
58,FirstName58,LastName58
59,FirstName59,LastName59
60,FirstName60,LastName60
61,FirstName61,LastName61
62,FirstName62,LastName62
63,FirstName63,LastName63
64,FirstName64,LastName64
65,FirstName65,LastName65
66,FirstName66,LastName66
67,FirstName67,LastName67
68,FirstName68,LastName68
69,FirstName69,LastName69
70,FirstName70,LastName70
71,FirstName71,LastName71
72,FirstName72,LastName72
73,FirstName73,LastName73
74,FirstName74,LastName74
75,FirstName75,LastName75
76,FirstName76,LastName76
77,FirstName77,LastName77
78,FirstName78,LastName78
79,FirstName79,LastName79
80,FirstName80,LastName80
81,FirstName81,LastName81
82,FirstName82,LastName82
83,FirstName83,LastName83
84,FirstName84,LastName84
85,FirstName85,LastName85
86,FirstName86,LastName86
87,FirstName87,LastName87
88,FirstName88,LastName88
89,FirstName89,LastName89
90,FirstName90,LastName90
91,FirstName91,LastName91
92,FirstName92,LastName92
93,FirstName93,LastName93
94,FirstName94,LastName94
95,FirstName95,LastName95
96,FirstName96,LastName96
97,FirstName97,LastName97
98,FirstName98,LastName98
99,FirstName99,LastName99
100,FirstName100,LastName100
101,FirstName101,LastName101
102,FirstName102,LastName102
103,FirstName103,LastName103
104,FirstName104,LastName104
105,FirstName105,LastName105
106,FirstName106,LastName106
107,FirstName107,LastName107
108,FirstName108,LastName108
109,FirstName109,LastName109
110,FirstName110,LastName110
111,FirstName111,LastName111
112,FirstName112,LastName112
113,FirstName113,LastName113
114,FirstName114,LastName114
115,FirstName115,LastName115
116,FirstName116,LastName116
117,FirstName117,LastName117
118,FirstName118,LastName118
119,FirstName119,LastName119
120,FirstName120,LastName120
121,FirstName121,LastName121
122,FirstName122,LastName122
123,FirstName123,LastName123
124,FirstName124,LastName124
125,FirstName125,LastName125
126,FirstName126,LastName126
127,FirstName127,LastName127
128,FirstName128,LastName128
129,FirstName129,LastName129
130,FirstName130,LastName130
131,FirstName131,LastName131
132,FirstName132,LastName132
133,FirstName133,LastName133
134,FirstName134,LastName134
135,FirstName135,LastName135
136,FirstName136,LastName136
137,FirstName137,LastName137
138,FirstName138,LastName138
139,FirstName139,LastName139
140,FirstName140,LastName140
141,FirstName141,LastName141
142,FirstName142,LastName142
143,FirstName143,LastName143
144,FirstName144,LastName144
145,FirstName145,LastName145
146,FirstName146,LastName146
147,FirstName147,LastName147
148,FirstName148,LastName148
149,FirstName149,LastName149
150,FirstName150,LastName150
151,FirstName151,LastName151
152,FirstName152,LastName152
153,FirstName153,LastName153
154,FirstName154,LastName154
155,FirstName155,LastName155
156,FirstName156,LastName156
157,FirstName157,LastName157
158,FirstName158,LastName158
159,FirstName159,LastName159
160,FirstName160,LastName160
161,FirstName161,LastName161
162,FirstName162,LastName162
163,FirstName163,LastName163
164,FirstName164,LastName164
165,FirstName165,LastName165
166,FirstName166,LastName166
167,FirstName167,LastName167
168,FirstName168,LastName168
169,FirstName169,LastName169
170,FirstName170,LastName170
171,FirstName171,LastName171
172,FirstName172,LastName172
173,FirstName173,LastName173
174,FirstName174,LastName174
175,FirstName175,LastName175
176,FirstName176,LastName176
177,FirstName177,LastName177
178,FirstName178,LastName178
179,FirstName179,LastName179
180,FirstName180,LastName180
181,FirstName181,LastName181
182,FirstName182,LastName182
183,FirstName183,LastName183
184,FirstName184,LastName184
185,FirstName185,LastName185
186,FirstName186,LastName186
187,FirstName187,LastName187
188,FirstName188,LastName188
189,FirstName189,LastName189
190,FirstName190,LastName190
191,FirstName191,LastName191
192,FirstName192,LastName192
193,FirstName193,LastName193
194,FirstName194,LastName194
195,FirstName195,LastName195
196,FirstName196,LastName196
197,FirstName197,LastName197
198,FirstName198,LastName198
199,FirstName199,LastName199
200,FirstName200,LastName200
201,FirstName201,LastName201
202,FirstName202,LastName202
203,FirstName203,LastName203
204,FirstName204,LastName204
205,FirstName205,LastName205
206,FirstName206,LastName206
207,FirstName207,LastName207
208,FirstName208,LastName208
209,FirstName209,LastName209
210,FirstName210,LastName210
211,FirstName211,LastName211
212,FirstName212,LastName212
213,FirstName213,LastName213
214,FirstName214,LastName214
215,FirstName215,LastName215
216,FirstName216,LastName216
217,FirstName217,LastName217
218,FirstName218,LastName218
219,FirstName219,LastName219
220,FirstName220,LastName220
221,FirstName221,LastName221
222,FirstName222,LastName222
223,FirstName223,LastName223
224,FirstName224,LastName224
225,FirstName225,LastName225
226,FirstName226,LastName226
227,FirstName227,LastName227
228,FirstName228,LastName228
229,FirstName229,LastName229
230,FirstName230,LastName230
231,FirstName231,LastName231
232,FirstName232,LastName232
233,FirstName233,LastName233
234,FirstName234,LastName234
235,FirstName235,LastName235
236,FirstName236,LastName236
237,FirstName237,LastName237
238,FirstName238,LastName238
239,FirstName239,LastName239
240,FirstName240,LastName240
241,FirstName241,LastName241
242,FirstName242,LastName242
243,FirstName243,LastName243
244,FirstName244,LastName244
245,FirstName245,LastName245
246,FirstName246,LastName246
247,FirstName247,LastName247
248,FirstName248,LastName248
249,FirstName249,LastName249
250,FirstName250,LastName250
251,FirstName251,LastName251
252,FirstName252,LastName252
253,FirstName253,LastName253
254,FirstName254,LastName254
255,FirstName255,LastName255
256,FirstName256,LastName256
257,FirstName257,LastName257
258,FirstName258,LastName258
259,FirstName259,LastName259
260,FirstName260,LastName260
261,FirstName261,LastName261
262,FirstName262,LastName262
263,FirstName263,LastName263
264,FirstName264,LastName264
265,FirstName265,LastName265
266,FirstName266,LastName266
267,FirstName267,LastName267
268,FirstName268,LastName268
269,FirstName269,LastName269
270,FirstName270,LastName270
271,FirstName271,LastName271
272,FirstName272,LastName272
273,FirstName273,LastName273
274,FirstName274,LastName274
275,FirstName275,LastName275
276,FirstName276,LastName276
277,FirstName277,LastName277
278,FirstName278,LastName278
279,FirstName279,LastName279
280,FirstName280,LastName280
281,FirstName281,LastName281
282,FirstName282,LastName282
283,FirstName283,LastName283
284,FirstName284,LastName284
285,FirstName285,LastName285
286,FirstName286,LastName286
287,FirstName287,LastName287
288,FirstName288,LastName288
289,FirstName289,LastName289
290,FirstName290,LastName290
291,FirstName291,LastName291
292,FirstName292,LastName292
293,FirstName293,LastName293
294,FirstName294,LastName294
295,FirstName295,LastName295
296,FirstName296,LastName296
297,FirstName297,LastName297
298,FirstName298,LastName298
299,FirstName299,LastName299
300,FirstName300,LastName300
301,FirstName301,LastName301
302,FirstName302,LastName302
303,FirstName303,LastName303
304,FirstName304,LastName304
305,FirstName305,LastName305
306,FirstName306,LastName306
307,FirstName307,LastName307
308,FirstName308,LastName308
309,FirstName309,LastName309
310,FirstName310,LastName310
311,FirstName311,LastName311
312,FirstName312,LastName312
313,FirstName313,LastName313
314,FirstName314,LastName314
315,FirstName315,LastName315
316,FirstName316,LastName316
317,FirstName317,LastName317
318,FirstName318,LastName318
319,FirstName319,LastName319
320,FirstName320,LastName320
321,FirstName321,LastName321
322,FirstName322,LastName322
323,FirstName323,LastName323
324,FirstName324,LastName324
325,FirstName325,LastName325
326,FirstName326,LastName326
327,FirstName327,LastName327
328,FirstName328,LastName328
329,FirstName329,LastName329
330,FirstName330,LastName330
331,FirstName331,LastName331
332,FirstName332,LastName332
333,FirstName333,LastName333
334,FirstName334,LastName334
335,FirstName335,LastName335
336,FirstName336,LastName336
337,FirstName337,LastName337
338,FirstName338,LastName338
339,FirstName339,LastName339
340,FirstName340,LastName340
341,FirstName341,LastName341
342,FirstName342,LastName342
343,FirstName343,LastName343
344,FirstName344,LastName344
345,FirstName345,LastName345
346,FirstName346,LastName346
347,FirstName347,LastName347
348,FirstName348,LastName348
349,FirstName349,LastName349
350,FirstName350,LastName350
351,FirstName351,LastName351
352,FirstName352,LastName352
353,FirstName353,LastName353
354,FirstName354,LastName354
355,FirstName355,LastName355
356,FirstName356,LastName356
357,FirstName357,LastName357
358,FirstName358,LastName358
359,FirstName359,LastName359
360,FirstName360,LastName360
361,FirstName361,LastName361
362,FirstName362,LastName362
363,FirstName363,LastName363
364,FirstName364,LastName364
365,FirstName365,LastName365
366,FirstName366,LastName366
367,FirstName367,LastName367
368,FirstName368,LastName368
369,FirstName369,LastName369
370,FirstName370,LastName370
371,FirstName371,LastName371
372,FirstName372,LastName372
373,FirstName373,LastName373
374,FirstName374,LastName374
375,FirstName375,LastName375
376,FirstName376,LastName376
377,FirstName377,LastName377
378,FirstName378,LastName378
379,FirstName379,LastName379
380,FirstName380,LastName380
381,FirstName381,LastName381
382,FirstName382,LastName382
383,FirstName383,LastName383
384,FirstName384,LastName384
385,FirstName385,LastName385
386,FirstName386,LastName386
387,FirstName387,LastName387
388,FirstName388,LastName388
389,FirstName389,LastName389
390,FirstName390,LastName390
391,FirstName391,LastName391
392,FirstName392,LastName392
393,FirstName393,LastName393
394,FirstName394,LastName394
395,FirstName395,LastName395
396,FirstName396,LastName396
397,FirstName397,LastName397
398,FirstName398,LastName398
399,FirstName399,LastName399
400,FirstName400,LastName400
401,FirstName401,LastName401
402,FirstName402,LastName402
403,FirstName403,LastName403
404,FirstName404,LastName404
405,FirstName405,LastName405
406,FirstName406,LastName406
407,FirstName407,LastName407
408,FirstName408,LastName408
409,FirstName409,LastName409
410,FirstName410,LastName410
411,FirstName411,LastName411
412,FirstName412,LastName412
413,FirstName413,LastName413
414,FirstName414,LastName414
415,FirstName415,LastName415
416,FirstName416,LastName416
417,FirstName417,LastName417
418,FirstName418,LastName418
419,FirstName419,LastName419
420,FirstName420,LastName420
421,FirstName421,LastName421
422,FirstName422,LastName422
423,FirstName423,LastName423
424,FirstName424,LastName424
425,FirstName425,LastName425
426,FirstName426,LastName426
427,FirstName427,LastName427
428,FirstName428,LastName428
429,FirstName429,LastName429
430,FirstName430,LastName430
431,FirstName431,LastName431
432,FirstName432,LastName432
433,FirstName433,LastName433
434,FirstName434,LastName434
435,FirstName435,LastName435
436,FirstName436,LastName436
437,FirstName437,LastName437
438,FirstName438,LastName438
439,FirstName439,LastName439
440,FirstName440,LastName440
441,FirstName441,LastName441
442,FirstName442,LastName442
443,FirstName443,LastName443
444,FirstName444,LastName444
445,FirstName445,LastName445
446,FirstName446,LastName446
447,FirstName447,LastName447
448,FirstName448,LastName448
449,FirstName449,LastName449
450,FirstName450,LastName450
451,FirstName451,LastName451
452,FirstName452,LastName452
453,FirstName453,LastName453
454,FirstName454,LastName454
455,FirstName455,LastName455
456,FirstName456,LastName456
457,FirstName457,LastName457
458,FirstName458,LastName458
459,FirstName459,LastName459
460,FirstName460,LastName460
461,FirstName461,LastName461
462,FirstName462,LastName462
463,FirstName463,LastName463
464,FirstName464,LastName464
465,FirstName465,LastName465
466,FirstName466,LastName466
467,FirstName467,LastName467
468,FirstName468,LastName468
469,FirstName469,LastName469
470,FirstName470,LastName470
471,FirstName471,LastName471
472,FirstName472,LastName472
473,FirstName473,LastName473
474,FirstName474,LastName474
475,FirstName475,LastName475
476,FirstName476,LastName476
477,FirstName477,LastName477
478,FirstName478,LastName478
479,FirstName479,LastName479
480,FirstName480,LastName480
481,FirstName481,LastName481
482,FirstName482,LastName482
483,FirstName483,LastName483
484,FirstName484,LastName484
485,FirstName485,LastName485
486,FirstName486,LastName486
487,FirstName487,LastName487
488,FirstName488,LastName488
489,FirstName489,LastName489
490,FirstName490,LastName490
491,FirstName491,LastName491
492,FirstName492,LastName492
493,FirstName493,LastName493
494,FirstName494,LastName494
495,FirstName495,LastName495
496,FirstName496,LastName496
497,FirstName497,LastName497
498,FirstName498,LastName498
499,FirstName499,LastName499
500,FirstName500,LastName500
501,FirstName501,LastName501
502,FirstName502,LastName502
503,FirstName503,LastName503
504,FirstName504,LastName504
505,FirstName505,LastName505
506,FirstName506,LastName506
507,FirstName507,LastName507
508,FirstName508,LastName508
509,FirstName509,LastName509
510,FirstName510,LastName510
511,FirstName511,LastName511
512,FirstName512,LastName512
513,FirstName513,LastName513
514,FirstName514,LastName514
515,FirstName515,LastName515
516,FirstName516,LastName516
517,FirstName517,LastName517
518,FirstName518,LastName518
519,FirstName519,LastName519
520,FirstName520,LastName520
521,FirstName521,LastName521
522,FirstName522,LastName522
523,FirstName523,LastName523
524,FirstName524,LastName524
525,FirstName525,LastName525
526,FirstName526,LastName526
527,FirstName527,LastName527
528,FirstName528,LastName528
529,FirstName529,LastName529
530,FirstName530,LastName530
531,FirstName531,LastName531
532,FirstName532,LastName532
533,FirstName533,LastName533
534,FirstName534,LastName534
535,FirstName535,LastName535
536,FirstName536,LastName536
537,FirstName537,LastName537
538,FirstName538,LastName538
539,FirstName539,LastName539
540,FirstName540,LastName540
541,FirstName541,LastName541
542,FirstName542,LastName542
543,FirstName543,LastName543
544,FirstName544,LastName544
545,FirstName545,LastName545
546,FirstName546,LastName546
547,FirstName547,LastName547
548,FirstName548,LastName548
549,FirstName549,LastName549
550,FirstName550,LastName550
551,FirstName551,LastName551
552,FirstName552,LastName552
553,FirstName553,LastName553
554,FirstName554,LastName554
555,FirstName555,LastName555
556,FirstName556,LastName556
557,FirstName557,LastName557
558,FirstName558,LastName558
559,FirstName559,LastName559
560,FirstName560,LastName560
561,FirstName561,LastName561
562,FirstName562,LastName562
563,FirstName563,LastName563
564,FirstName564,LastName564
565,FirstName565,LastName565
566,FirstName566,LastName566
567,FirstName567,LastName567
568,FirstName568,LastName568
569,FirstName569,LastName569
570,FirstName570,LastName570
571,FirstName571,LastName571
572,FirstName572,LastName572
573,FirstName573,LastName573
574,FirstName574,LastName574
575,FirstName575,LastName575
576,FirstName576,LastName576
577,FirstName577,LastName577
578,FirstName578,LastName578
579,FirstName579,LastName579
580,FirstName580,LastName580
581,FirstName581,LastName581
582,FirstName582,LastName582
583,FirstName583,LastName583
584,FirstName584,LastName584
585,FirstName585,LastName585
586,FirstName586,LastName586
587,FirstName587,LastName587
588,FirstName588,LastName588
589,FirstName589,LastName589
590,FirstName590,LastName590
591,FirstName591,LastName591
592,FirstName592,LastName592
593,FirstName593,LastName593
594,FirstName594,LastName594
595,FirstName595,LastName595
596,FirstName596,LastName596
597,FirstName597,LastName597
598,FirstName598,LastName598
599,FirstName599,LastName599
600,FirstName600,LastName600
601,FirstName601,LastName601
602,FirstName602,LastName602
603,FirstName603,LastName603
604,FirstName604,LastName604
605,FirstName605,LastName605
606,FirstName606,LastName606
607,FirstName607,LastName607
608,FirstName608,LastName608
609,FirstName609,LastName609
610,FirstName610,LastName610
611,FirstName611,LastName611
612,FirstName612,LastName612
613,FirstName613,LastName613
614,FirstName614,LastName614
615,FirstName615,LastName615
616,FirstName616,LastName616
617,FirstName617,LastName617
618,FirstName618,LastName618
619,FirstName619,LastName619
620,FirstName620,LastName620
621,FirstName621,LastName621
622,FirstName622,LastName622
623,FirstName623,LastName623
624,FirstName624,LastName624
625,FirstName625,LastName625
626,FirstName626,LastName626
627,FirstName627,LastName627
628,FirstName628,LastName628
629,FirstName629,LastName629
630,FirstName630,LastName630
631,FirstName631,LastName631
632,FirstName632,LastName632
633,FirstName633,LastName633
634,FirstName634,LastName634
635,FirstName635,LastName635
636,FirstName636,LastName636
637,FirstName637,LastName637
638,FirstName638,LastName638
639,FirstName639,LastName639
640,FirstName640,LastName640
641,FirstName641,LastName641
642,FirstName642,LastName642
643,FirstName643,LastName643
644,FirstName644,LastName644
645,FirstName645,LastName645
646,FirstName646,LastName646
647,FirstName647,LastName647
648,FirstName648,LastName648
649,FirstName649,LastName649
650,FirstName650,LastName650
651,FirstName651,LastName651
652,FirstName652,LastName652
653,FirstName653,LastName653
654,FirstName654,LastName654
655,FirstName655,LastName655
656,FirstName656,LastName656
657,FirstName657,LastName657
658,FirstName658,LastName658
659,FirstName659,LastName659
660,FirstName660,LastName660
661,FirstName661,LastName661
662,FirstName662,LastName662
663,FirstName663,LastName663
664,FirstName664,LastName664
665,FirstName665,LastName665
666,FirstName666,LastName666
667,FirstName667,LastName667
668,FirstName668,LastName668
669,FirstName669,LastName669
670,FirstName670,LastName670
671,FirstName671,LastName671
672,FirstName672,LastName672
673,FirstName673,LastName673
674,FirstName674,LastName674
675,FirstName675,LastName675
676,FirstName676,LastName676
677,FirstName677,LastName677
678,FirstName678,LastName678
679,FirstName679,LastName679
680,FirstName680,LastName680
681,FirstName681,LastName681
682,FirstName682,LastName682
683,FirstName683,LastName683
684,FirstName684,LastName684
685,FirstName685,LastName685
686,FirstName686,LastName686
687,FirstName687,LastName687
688,FirstName688,LastName688
689,FirstName689,LastName689
690,FirstName690,LastName690
691,FirstName691,LastName691
692,FirstName692,LastName692
693,FirstName693,LastName693
694,FirstName694,LastName694
695,FirstName695,LastName695
696,FirstName696,LastName696
697,FirstName697,LastName697
698,FirstName698,LastName698
699,FirstName699,LastName699
700,FirstName700,LastName700
701,FirstName701,LastName701
702,FirstName702,LastName702
703,FirstName703,LastName703
704,FirstName704,LastName704
705,FirstName705,LastName705
706,FirstName706,LastName706
707,FirstName707,LastName707
708,FirstName708,LastName708
709,FirstName709,LastName709
710,FirstName710,LastName710
711,FirstName711,LastName711
712,FirstName712,LastName712
713,FirstName713,LastName713
714,FirstName714,LastName714
715,FirstName715,LastName715
716,FirstName716,LastName716
717,FirstName717,LastName717
718,FirstName718,LastName718
719,FirstName719,LastName719
720,FirstName720,LastName720
721,FirstName721,LastName721
722,FirstName722,LastName722
723,FirstName723,LastName723
724,FirstName724,LastName724
725,FirstName725,LastName725
726,FirstName726,LastName726
727,FirstName727,LastName727
728,FirstName728,LastName728
729,FirstName729,LastName729
730,FirstName730,LastName730
731,FirstName731,LastName731
732,FirstName732,LastName732
733,FirstName733,LastName733
734,FirstName734,LastName734
735,FirstName735,LastName735
736,FirstName736,LastName736
737,FirstName737,LastName737
738,FirstName738,LastName738
739,FirstName739,LastName739
740,FirstName740,LastName740
741,FirstName741,LastName741
742,FirstName742,LastName742
743,FirstName743,LastName743
744,FirstName744,LastName744
745,FirstName745,LastName745
746,FirstName746,LastName746
747,FirstName747,LastName747
748,FirstName748,LastName748
749,FirstName749,LastName749
750,FirstName750,LastName750
751,FirstName751,LastName751
752,FirstName752,LastName752
753,FirstName753,LastName753
754,FirstName754,LastName754
755,FirstName755,LastName755
756,FirstName756,LastName756
757,FirstName757,LastName757
758,FirstName758,LastName758
759,FirstName759,LastName759
760,FirstName760,LastName760
761,FirstName761,LastName761
762,FirstName762,LastName762
763,FirstName763,LastName763
764,FirstName764,LastName764
765,FirstName765,LastName765
766,FirstName766,LastName766
767,FirstName767,LastName767
768,FirstName768,LastName768
769,FirstName769,LastName769
770,FirstName770,LastName770
771,FirstName771,LastName771
772,FirstName772,LastName772
773,FirstName773,LastName773
774,FirstName774,LastName774
775,FirstName775,LastName775
776,FirstName776,LastName776
777,FirstName777,LastName777
778,FirstName778,LastName778
779,FirstName779,LastName779
780,FirstName780,LastName780
781,FirstName781,LastName781
782,FirstName782,LastName782
783,FirstName783,LastName783
784,FirstName784,LastName784
785,FirstName785,LastName785
786,FirstName786,LastName786
787,FirstName787,LastName787
788,FirstName788,LastName788
789,FirstName789,LastName789
790,FirstName790,LastName790
791,FirstName791,LastName791
792,FirstName792,LastName792
793,FirstName793,LastName793
794,FirstName794,LastName794
795,FirstName795,LastName795
796,FirstName796,LastName796
797,FirstName797,LastName797
798,FirstName798,LastName798
799,FirstName799,LastName799
800,FirstName800,LastName800
801,FirstName801,LastName801
802,FirstName802,LastName802
803,FirstName803,LastName803
804,FirstName804,LastName804
805,FirstName805,LastName805
806,FirstName806,LastName806
807,FirstName807,LastName807
808,FirstName808,LastName808
809,FirstName809,LastName809
810,FirstName810,LastName810
811,FirstName811,LastName811
812,FirstName812,LastName812
813,FirstName813,LastName813
814,FirstName814,LastName814
815,FirstName815,LastName815
816,FirstName816,LastName816
817,FirstName817,LastName817
818,FirstName818,LastName818
819,FirstName819,LastName819
820,FirstName820,LastName820
821,FirstName821,LastName821
822,FirstName822,LastName822
823,FirstName823,LastName823
824,FirstName824,LastName824
825,FirstName825,LastName825
826,FirstName826,LastName826
827,FirstName827,LastName827
828,FirstName828,LastName828
829,FirstName829,LastName829
830,FirstName830,LastName830
831,FirstName831,LastName831
832,FirstName832,LastName832
833,FirstName833,LastName833
834,FirstName834,LastName834
835,FirstName835,LastName835
836,FirstName836,LastName836
837,FirstName837,LastName837
838,FirstName838,LastName838
839,FirstName839,LastName839
840,FirstName840,LastName840
841,FirstName841,LastName841
842,FirstName842,LastName842
843,FirstName843,LastName843
844,FirstName844,LastName844
845,FirstName845,LastName845
846,FirstName846,LastName846
847,FirstName847,LastName847
848,FirstName848,LastName848
849,FirstName849,LastName849
850,FirstName850,LastName850
851,FirstName851,LastName851
852,FirstName852,LastName852
853,FirstName853,LastName853
854,FirstName854,LastName854
855,FirstName855,LastName855
856,FirstName856,LastName856
857,FirstName857,LastName857
858,FirstName858,LastName858
859,FirstName859,LastName859
860,FirstName860,LastName860
861,FirstName861,LastName861
862,FirstName862,LastName862
863,FirstName863,LastName863
864,FirstName864,LastName864
865,FirstName865,LastName865
866,FirstName866,LastName866
867,FirstName867,LastName867
868,FirstName868,LastName868
869,FirstName869,LastName869
870,FirstName870,LastName870
871,FirstName871,LastName871
872,FirstName872,LastName872
873,FirstName873,LastName873
874,FirstName874,LastName874
875,FirstName875,LastName875
876,FirstName876,LastName876
877,FirstName877,LastName877
878,FirstName878,LastName878
879,FirstName879,LastName879
880,FirstName880,LastName880
881,FirstName881,LastName881
882,FirstName882,LastName882
883,FirstName883,LastName883
884,FirstName884,LastName884
885,FirstName885,LastName885
886,FirstName886,LastName886
887,FirstName887,LastName887
888,FirstName888,LastName888
889,FirstName889,LastName889
890,FirstName890,LastName890
891,FirstName891,LastName891
892,FirstName892,LastName892
893,FirstName893,LastName893
894,FirstName894,LastName894
895,FirstName895,LastName895
896,FirstName896,LastName896
897,FirstName897,LastName897
898,FirstName898,LastName898
899,FirstName899,LastName899
900,FirstName900,LastName900
901,FirstName901,LastName901
902,FirstName902,LastName902
903,FirstName903,LastName903
904,FirstName904,LastName904
905,FirstName905,LastName905
906,FirstName906,LastName906
907,FirstName907,LastName907
908,FirstName908,LastName908
909,FirstName909,LastName909
910,FirstName910,LastName910
911,FirstName911,LastName911
912,FirstName912,LastName912
913,FirstName913,LastName913
914,FirstName914,LastName914
915,FirstName915,LastName915
916,FirstName916,LastName916
917,FirstName917,LastName917
918,FirstName918,LastName918
919,FirstName919,LastName919
920,FirstName920,LastName920
921,FirstName921,LastName921
922,FirstName922,LastName922
923,FirstName923,LastName923
924,FirstName924,LastName924
925,FirstName925,LastName925
926,FirstName926,LastName926
927,FirstName927,LastName927
928,FirstName928,LastName928
929,FirstName929,LastName929
930,FirstName930,LastName930
931,FirstName931,LastName931
932,FirstName932,LastName932
933,FirstName933,LastName933
934,FirstName934,LastName934
935,FirstName935,LastName935
936,FirstName936,LastName936
937,FirstName937,LastName937
938,FirstName938,LastName938
939,FirstName939,LastName939
940,FirstName940,LastName940
941,FirstName941,LastName941
942,FirstName942,LastName942
943,FirstName943,LastName943
944,FirstName944,LastName944
945,FirstName945,LastName945
946,FirstName946,LastName946
947,FirstName947,LastName947
948,FirstName948,LastName948
949,FirstName949,LastName949
950,FirstName950,LastName950
951,FirstName951,LastName951
952,FirstName952,LastName952
953,FirstName953,LastName953
954,FirstName954,LastName954
955,FirstName955,LastName955
956,FirstName956,LastName956
957,FirstName957,LastName957
958,FirstName958,LastName958
959,FirstName959,LastName959
960,FirstName960,LastName960
961,FirstName961,LastName961
962,FirstName962,LastName962
963,FirstName963,LastName963
964,FirstName964,LastName964
965,FirstName965,LastName965
966,FirstName966,LastName966
967,FirstName967,LastName967
968,FirstName968,LastName968
969,FirstName969,LastName969
970,FirstName970,LastName970
971,FirstName971,LastName971
972,FirstName972,LastName972
973,FirstName973,LastName973
974,FirstName974,LastName974
975,FirstName975,LastName975
976,FirstName976,LastName976
977,FirstName977,LastName977
978,FirstName978,LastName978
979,FirstName979,LastName979
980,FirstName980,LastName980
981,FirstName981,LastName981
982,FirstName982,LastName982
983,FirstName983,LastName983
984,FirstName984,LastName984
985,FirstName985,LastName985
986,FirstName986,LastName986
987,FirstName987,LastName987
988,FirstName988,LastName988
989,FirstName989,LastName989
990,FirstName990,LastName990
991,FirstName991,LastName991
992,FirstName992,LastName992
993,FirstName993,LastName993
994,FirstName994,LastName994
995,FirstName995,LastName995
996,FirstName996,LastName996
997,FirstName997,LastName997
998,FirstName998,LastName998
999,FirstName999,LastName999
1000,FirstName1000,LastName1000
